<?xml version="1.0" encoding="UTF-8"?>
<beans xmlns="http://www.springframework.org/schema/beans"
	xmlns:xsi="http://www.w3.org/2001/XMLSchema-instance"
	xmlns:tx="http://www.springframework.org/schema/tx"
	xmlns:context="http://www.springframework.org/schema/context"
	xsi:schemaLocation="http://www.springframework.org/schema/beans http://www.springframework.org/schema/beans/spring-beans-3.2.xsd
		http://www.springframework.org/schema/context http://www.springframework.org/schema/context/spring-context-3.2.xsd
		http://www.springframework.org/schema/tx http://www.springframework.org/schema/tx/spring-tx-3.2.xsd">

 <context:annotation-config/>
 <context:component-scan base-package="com.cg"/>
 <!-- required to load orm persistence and related annotation -->
 <bean class="org.springframework.orm.jpa.support.PersistenceAnnotationBeanPostProcessor"/>
 <!-- look after all transactions -->
 <bean id="transactionManager" class="org.sringframework.orm.jpa.JpaTransactionManager">
 <property name="entityManagerFactory" ref="entityManagerFactory"/>
 </bean>
 <tx:annotation-driven transaction-manager="transactionManager"/>
 
 
 <bean id="entityManagerFactory" class="org.springframework.orm.jpa.LocalContainerEntityManagerFactoryBean">
 <property name="dataSource" ref="dataSource"/>
 <property name="packageToScan" value="com.cg.entity"/>
 <property name="persistenceProviderClass" value="org.hibernate.jpa.HibernatePersistenceProvider"/>
 <property name="jpaPropertyMap">
 <map>
 <entry key="hibernate.dialect" value="org.hibernate.dialect.OracleOgDialect"/>
 <entry key="hibernate.hbm2ddl.auto" value="create"/>
 </map>
 </property>
 </bean>
 
 <bean id="dataSource" class="org.springframework.jdbc.datasource.DrivenManagerDataSource">
 <property name="driverClassName" value="oracle.jdbc.driver.OracleDriver"/>
 <property name="url" value="jdbc:oracle:thin:@localhost:1521:XE"/>
 <property name="username" value="system"/>
 <property name="passord" value="India123"/> 
 </bean>

</beans>